;Entries;;;;Avg;;;;;
5;1;1;1;5;57,6797019352676;0,579921368464616;0,573624516363332;0,576993030294616;0,574480599962187;0,578965581678629
5;2;1;1;5;58,3637965095539;0,583900627083216;0,581561734884673;0,583509259978395;0,586847040478749;0,582371163052661
5;3;1;1;5;63,1539516744259;0,634940537254455;0,630944305128928;0,631175416290078;0,630362430279799;0,630274894768034
5;4;1;1;5;67,345755633544;0,674777919306546;0,673261156763853;0,673048367452492;0,671444911044507;0,674755427109805
5;5;1;1;5;70,9097642144699;0,711753241250742;0,708145237107115;0,706380853207359;0,708385503172778;0,710823375985502
5;6;1;1;5;73,6362860262627;0,735654373024236;0,736016285362442;0,736992213310138;0,736334135522443;0,736817294093878
5;7;1;1;5;76,044123003433;0,759229745621093;0,75901550806265;0,761811982464686;0,76193630377017;0,760212610253052
5;8;1;1;5;77,8643594427259;0,778103550161371;0,778489758112274;0,779215241344126;0,777606765972037;0,77980265654649
5;9;1;1;5;79,5914982112454;0,796649996987407;0,797742617297473;0,794850484105904;0,795409886927744;0,794921925243742
5;10;1;1;5;81,0328006739261;0,809722164713676;0,808884365898862;0,811581405712305;0,811257707243783;0,810194390127676
5;11;1;1;5;82,2494637660315;0,821610345543937;0,82390034099282;0,821534255109281;0,823336996462791;0,822091250192746
5;12;1;1;5;83,3971136942752;0,834238229971196;0,834905780764814;0,833702466948344;0,834176229473126;0,832832977556279
5;13;1;1;5;84,2811102373327;0,844352893015478;0,842569391325755;0,842276408588839;0,842141284033378;0,842715534903185
5;14;1;1;5;85,2731277700847;0,852997674653726;0,852721849366145;0,852472122869767;0,853274033065244;0,852190708549355
5;15;1;1;5;85,9697711658225;0,860331389548983;0,858925074345398;0,860095183272391;0,858035850587734;0,86110106053662
5;16;1;1;5;86,6529721847635;0,865895923172571;0,86681801994302;0,867479337749513;0,866029047741569;0,866426280631501
5;17;1;1;5;87,260496085364;0,873876635775975;0,871963173002871;0,874437559117067;0,873008896234045;0,869738540138243
5;18;1;1;5;87,8496325289315;0,878242414714668;0,8785084202085;0,879384126318731;0,878353417187088;0,877993248017587
5;19;1;1;5;88,4016290028847;0,884191304347826;0,883586908409203;0,884423297268457;0,883516962069416;0,884362978049332
5;20;1;1;5;88,8684348560357;0,889576327026588;0,889276507991064;0,888155232823409;0,887607525960451;0,888806149000274
5;21;1;1;5;89,3003278929186;0,892444187115781;0,893151969981238;0,894928150206738;0,89145774671778;0,89303434062439
5;22;1;1;5;89,7021533802984;0,897009124704292;0,895711053267323;0,897320634920635;0,896584585538519;0,898482270584152
5;23;1;1;5;90,1018492237999;0,901424446244322;0,900761487964989;0,900155501974351;0,901880441295689;0,900870583710645
5;24;1;1;5;90,4443495655845;0,905675526487463;0,903496224343834;0,904312993945653;0,903346379155737;0,905386354346539
5;25;1;1;5;90,8237493202668;0,906948846820658;0,908781914473164;0,908396946564886;0,910249346242315;0,906810411912319
5;26;1;1;5;91,132320805375;0,912598820429163;0,911602554396715;0,910483661069278;0,911915299062341;0,910015705311251
5;27;1;1;5;91,3578530246634;0,914370104467078;0,913091690345831;0,912900909319006;0,914004313318024;0,913525633783232
5;28;1;1;5;91,6087885625303;0,916402012996531;0,915327921471116;0,915409825373791;0,917156838915626;0,916142829369451
5;29;1;1;5;91,9138686915777;0,919469026548673;0,918799654887299;0,920709963983449;0,918759973463862;0,9179548156956
5;30;1;1;5;92,0553569867422;0,921098954780133;0,920248474651167;0,920682036665374;0,919510896661287;0,921227486579151
5;31;1;1;5;92,3463470080827;0,9239372230299;0,922027359130427;0,923558568025781;0,923442621510233;0,924351578707797
5;32;1;1;5;92,6218782659289;0,927065351418003;0,924662370906523;0,925514762244601;0,927486769438067;0,926364659289252
5;33;1;1;5;92,7910984033894;0,927315550199923;0,927886891082589;0,927840510542314;0,929195361382275;0,927316606962369
5;34;1;1;5;92,9615204041211;0,92959375958631;0,929410538023078;0,929617185731943;0,929800610429475;0,929653926435249
5;35;1;1;5;93,1159297603103;0,930583718379151;0,930818554001884;0,931814399360916;0,931531486523618;0,931048329749944
5;36;1;1;5;93,3366387656242;0,933662820640241;0,93316307851664;0,9316121155538;0,934746628801925;0,933647294768603
5;37;1;1;5;93,4665865015329;0,935644843656713;0,934423179160021;0,93490480026201;0,934212973212309;0,934143528785594
5;38;1;1;5;93,6332465371902;0,935446984518354;0,93567012869522;0,937011144793941;0,937706194001468;0,935827874850524
5;39;1;1;5;93,7770651661358;0,937971568424184;0,937858867722028;0,937798525621384;0,93747476650607;0,937749530033121
5;40;1;1;5;93,9133734311144;0,940371568179421;0,938594857330389;0,939157359868735;0,938977162960928;0,938567723216248
5;41;1;1;5;94,1266865391718;0,941286763706851;0,941202977703275;0,942340203589799;0,940569359762962;0,940935022195702
5;42;1;1;5;94,174656184612;0,940537014892923;0,942805424974334;0,941765249289219;0,94089909402746;0,942726026046662
5;43;1;1;5;94,3186798709089;0,943646485977068;0,944368029576934;0,942317415485468;0,942712059608774;0,942890002897202
5;44;1;1;5;94,3895448503839;0,943457544718741;0,944946330777656;0,943857620824356;0,943767835974887;0,943447910223558
5;45;1;1;5;94,5171389012503;0,946278521956193;0,944651517676258;0,944125441696113;0,945500377676674;0,945301086057278
5;46;1;1;5;94,6924348487464;0,947630012599383;0,946267539431078;0,946774362373958;0,94677232722045;0,947177500812451
5;47;1;1;5;94,7463400324262;0,94751944684529;0,948284730395362;0,947572511650553;0,947182397019968;0,94675791571014
5;48;1;1;5;94,8638639759902;0,948216230343686;0,948870007007709;0,948146275111607;0,949310051032508;0,948650635304001
5;49;1;1;5;94,9919035084657;0,951335316859378;0,949831853525738;0,949605266703191;0,949037804650833;0,949784933684144
5;50;1;1;5;95,1059194844697;0,950507884642705;0,951518171786566;0,950223544290269;0,951385039074375;0,95166133442957
