Clients;Entries;RWxTR;WRxTR;Seconds;Avg;DesvTipica;Min;Max;Client1;Client2;Client3;Client4;Client5;Client6;Client7;Client8;Client9;Client10;Client11;Client12;Client13;Client14;Client15;Client16;Client17;Client18;Client19;Client20;Client21;Client22;Client23;Client24;Client25
1;10;1;1;5;100;---;100;100;100;;;;;;;;;;;;;;;;;;;;;;;;
2;10;1;1;5;94.7125220897188;0.0439726976623876;94.6814286970147;94.743615482423;94.743615482423;94.6814286970147;;;;;;;;;;;;;;;;;;;;;;;
3;10;1;1;5;89.5628345995905;0.0861684807226909;89.4635278605667;89.6178392080623;89.6071367301424;89.6178392080623;89.4635278605667;;;;;;;;;;;;;;;;;;;;;;
4;10;1;1;5;85.1810239227401;0.102265488148086;85.0483063671284;85.2775548856744;85.0483063671284;85.2775548856744;85.2426360602923;85.1555983778653;;;;;;;;;;;;;;;;;;;;;
5;10;1;1;5;80.8863133637428;0.109539707330394;80.7450736791248;80.9985987294;80.9985987294;80.7450736791248;80.9184162756448;80.9696024407175;80.799875693827;;;;;;;;;;;;;;;;;;;;
6;10;1;1;5;76.9797683819818;0.144105721492656;76.7492450731087;77.1782510767772;77.0222138442154;77.0226217524449;76.8972837840519;77.0089947612929;76.7492450731087;77.1782510767772;;;;;;;;;;;;;;;;;;;
7;10;1;1;5;73.1915596663944;0.144902624295357;72.9292691789753;73.3644055025726;72.9292691789753;73.2931726907631;73.2423857190167;73.2254859011209;73.2084918025742;73.0777068697378;73.3644055025726;;;;;;;;;;;;;;;;;;
8;10;1;1;5;69.7547180185944;0.10338418722804;69.5935021941643;69.9081467097615;69.5935021941643;69.8612121908556;69.7562100462471;69.7243479818792;69.9081467097615;69.6551194997506;69.8060621628564;69.7331433632408;;;;;;;;;;;;;;;;;
9;10;1;1;5;66.6330177199177;0.140562556806637;66.4752353605052;66.823384826443;66.4752353605052;66.4851922583588;66.823384826443;66.7531098160471;66.5418851533812;66.7137134140256;66.5050071530758;66.5985100876503;66.8011214097723;;;;;;;;;;;;;;;;
10;10;1;1;5;63.7572823460155;0.157672728943535;63.5103409726104;63.9300822092745;63.801013093759;63.8722650452434;63.8986516710333;63.9300822092745;63.5103409726104;63.5658791313762;63.5962185342835;63.672080877773;63.8105273241056;63.9157646006961;;;;;;;;;;;;;;;
11;10;1;1;5;61.3709529166391;0.290529139210752;60.9346108589679;61.7825383993533;61.2724059580914;61.6774323778765;60.9488928463425;61.3715979520345;61.7825383993533;61.4890108040793;61.23818031654;61.5532280335433;61.1462823275862;61.6663022086158;60.9346108589679;;;;;;;;;;;;;;
12;10;1;1;5;59.1545998866333;0.158476239353765;58.7772213369755;59.3516587677725;59.2898666362704;58.7772213369755;59.3241932723573;59.153137757524;59.0264308803955;59.1882087029193;59.2346880583964;59.2072243346008;59.0572556762093;59.0530252691132;59.3516587677725;59.1922879470652;;;;;;;;;;;;;
13;10;1;1;5;57.1027183005125;0.198725548153198;56.854855350584;57.4071019095146;56.9038521119488;57.4071019095146;57.0522619293534;57.1275145607006;57.2248487726325;56.854855350584;56.9277792693253;56.9741514575935;56.9398252391084;57.161718895055;57.3906937359301;57.3956677060318;56.9750669688852;;;;;;;;;;;;
14;10;1;1;5;55.1994460587723;0.189902227506569;54.8925964977568;55.4748603351955;55.2296578418994;55.0945421517629;55.1432830876263;55.4654194776706;55.2654967859284;55.1688504939445;55.4748603351955;54.8925964977568;55.3850290607483;55.1462218266863;54.9501674868699;55.3785765933271;54.9315549315549;55.2659882518408;;;;;;;;;;;
15;10;1;1;5;53.5478905149118;0.221164145257837;53.1696720545641;53.8954808209881;53.2566690868211;53.1696720545641;53.5561228074284;53.3781567727124;53.8402134231957;53.600262092528;53.7061331584126;53.3540794122464;53.5679970003047;53.5984449284527;53.7036603905976;53.5401954823926;53.8954808209881;53.7787770205391;53.2724932724933;;;;;;;;;;
16;10;1;1;5;51.8165771381236;0.232479096735176;51.3944017732873;52.2271169848262;52.2271169848262;51.5984325048984;52.0122484689414;51.7309875141884;51.6204718318938;51.8529024937463;51.8079430942502;51.9153096138509;51.5705929342644;51.3944017732873;51.7644327503482;52.0630254267884;51.5273167091279;52.0868758695316;51.8890519972186;52.0041242428148;;;;;;;;;
17;10;1;1;5;50.4945861361029;0.214502711610443;50.1036935919985;50.9448818897638;50.5138961719979;50.1628322302763;50.5686743190355;50.4104487398043;50.6580848548535;50.5526239794177;50.6394936575886;50.9448818897638;50.2981428458851;50.5085280281727;50.2099627316151;50.5178697852479;50.7862336912294;50.500013123704;50.5075676101041;50.1036935919985;50.5250170630546;;;;;;;;
18;10;1;1;5;49.1831962079907;0.220629597058872;48.7423099821393;49.5991660668636;49.2575855390575;49.1273801544152;49.1931479642503;49.574219816778;49.2084367245658;48.7423099821393;49.2389442057955;48.8394031925722;49.1914449660929;49.0718221075098;49.3194575530277;49.066719618745;49.0051419628884;49.5991660668636;49.0076753024169;49.14753691525;49.4245460859212;49.2825935855426;;;;;;;
19;10;1;1;5;47.7792305206271;0.337825391103818;47.2675303694038;48.5668987813977;47.8417601541378;47.5946298713407;47.7601268380639;47.5269686324494;47.6668947925092;47.7457869535477;47.2675303694038;48.0378132968468;47.2696192696193;47.6480268264663;47.7576662312621;48.1600049729595;47.5063739817176;47.9373270743308;47.6279301125412;48.3697677307167;47.9783528240856;48.5668987813977;47.5419011785192;;;;;;
20;10;1;1;5;46.7307985779073;0.278336616378466;46.3138836832576;47.3441622429194;46.8769856398526;46.7191767769803;47.0134324092598;46.7625214244906;46.3490551056059;46.3138836832576;46.6033299440773;47.3441622429194;47.120701709782;46.3396825396825;46.6647608157042;46.7446220329828;46.7610372298219;46.412577417818;46.7391993909789;46.945123305932;46.9337824097611;46.9650793650794;46.5163543982217;46.4905037159372;;;;;
21;10;1;1;5;45.6357988947142;0.396743019337856;44.756659921043;46.2515756650965;45.8279420059056;45.5873563981672;45.7285097909061;45.361611736201;45.8390041493776;45.6542660870142;45.901150263533;44.8575503300056;46.2504556450277;45.200477960701;45.6170607940035;46.2515756650965;44.756659921043;45.9217209441291;45.4506238385984;45.4340248962656;45.8684542377381;46.1816493683059;45.7471874688879;45.4934199622104;45.4210753258815;;;;
22;10;1;1;5;44.5616980292763;0.274153058716327;44.0194168119509;45.2917862511958;44.7049174725763;45.2917862511958;44.1794512590973;44.622902641561;44.7323501297283;44.9306077801326;44.3081234407573;44.588448517594;44.5431862460266;44.2634149673805;44.0194168119509;44.5769953854042;44.2967468562056;44.6858665573434;44.5371256666211;44.3909106441141;44.6470648499129;44.4683687070645;44.6050787791791;44.8804644808743;44.6548835937233;44.4292456056357;;;
23;10;1;1;5;43.6278082395597;0.214191208543292;43.1158868058731;44.0361843776999;43.1158868058731;43.6152107094775;44.0361843776999;43.7677917852786;43.9717393514283;43.7965292070026;43.7579391291093;43.2519623034521;43.6675897461955;43.6184527889913;43.4019308943089;43.592805243636;43.6393201046775;43.5104031704901;43.7439699385568;43.4615873015873;43.7388829598008;43.519577203547;43.871459418265;43.5309664794531;43.7899867980095;43.4730691056911;43.5663446873411;;
24;10;1;1;5;42.6768590241966;0.307027508044276;42.0683343502135;43.3426141347878;42.6995878491833;42.5092560784763;42.6946130645592;42.7786678873884;42.7235958485959;42.6450948219941;42.0683343502135;42.7355646300042;42.5677995193958;42.1408128219805;43.3426141347878;42.9791777896423;42.199839761932;42.7693833943834;42.6957716379179;42.4701438437178;43.0734609810054;42.5296563298623;42.9410642761778;42.8277282086479;42.208064700721;42.8593219692636;42.7895620326568;42.9955006482117;
25;10;1;1;5;41.897137328948;0.315485904362318;41.3637434246683;42.5231808895175;42.1335952848723;41.4401319924576;41.7580689546723;41.490448864083;42.143669818353;41.8603738024187;41.3637434246683;41.4005734260241;42.1031964187544;41.7003730610642;42.5231808895175;42.1044353570305;41.9223064535135;41.6951550159142;42.2950047125353;42.0330857794019;41.7449400668108;41.7691189756078;41.5422690131992;42.0142980595491;41.882491648654;41.8575413507249;42.5008836350784;42.0351896944466;42.1143575243481
